{
    "name": "root",
    "gauges": {
        "MoveToGoal.Policy.Entropy.mean": {
            "value": 0.17948324978351593,
            "min": 0.1650111973285675,
            "max": 0.34578755497932434,
            "count": 50
        },
        "MoveToGoal.Policy.Entropy.sum": {
            "value": 5395.984375,
            "min": 4947.69580078125,
            "max": 10445.55078125,
            "count": 50
        },
        "MoveToGoal.Environment.EpisodeLength.mean": {
            "value": 33.85581395348837,
            "min": 32.815229563269874,
            "max": 39.606224627875505,
            "count": 50
        },
        "MoveToGoal.Environment.EpisodeLength.sum": {
            "value": 29116.0,
            "min": 28669.0,
            "max": 29698.0,
            "count": 50
        },
        "MoveToGoal.Step.mean": {
            "value": 1499996.0,
            "min": 29998.0,
            "max": 1499996.0,
            "count": 50
        },
        "MoveToGoal.Step.sum": {
            "value": 1499996.0,
            "min": 29998.0,
            "max": 1499996.0,
            "count": 50
        },
        "MoveToGoal.Policy.ExtrinsicValueEstimate.mean": {
            "value": 1.5726912021636963,
            "min": 1.4695017337799072,
            "max": 1.595524549484253,
            "count": 50
        },
        "MoveToGoal.Policy.ExtrinsicValueEstimate.sum": {
            "value": 1387.1136474609375,
            "min": 1135.9248046875,
            "max": 1450.331787109375,
            "count": 50
        },
        "MoveToGoal.Policy.CuriosityValueEstimate.mean": {
            "value": 0.018335891887545586,
            "min": 0.006438153330236673,
            "max": 0.060255780816078186,
            "count": 50
        },
        "MoveToGoal.Policy.CuriosityValueEstimate.sum": {
            "value": 16.172256469726562,
            "min": 5.485306739807129,
            "max": 49.77127456665039,
            "count": 50
        },
        "MoveToGoal.Environment.CumulativeReward.mean": {
            "value": 1.7804407016482464,
            "min": 1.685686153559703,
            "max": 1.799480407962874,
            "count": 50
        },
        "MoveToGoal.Environment.CumulativeReward.sum": {
            "value": 1531.179003417492,
            "min": 1270.9980010986328,
            "max": 1606.9360043108463,
            "count": 50
        },
        "MoveToGoal.Policy.ExtrinsicReward.mean": {
            "value": 1.7804407016482464,
            "min": 1.685686153559703,
            "max": 1.799480407962874,
            "count": 50
        },
        "MoveToGoal.Policy.ExtrinsicReward.sum": {
            "value": 1531.179003417492,
            "min": 1270.9980010986328,
            "max": 1606.9360043108463,
            "count": 50
        },
        "MoveToGoal.Policy.CuriosityReward.mean": {
            "value": 0.0022583517726330726,
            "min": 0.0019650027620721606,
            "max": 0.012957989511429333,
            "count": 50
        },
        "MoveToGoal.Policy.CuriosityReward.sum": {
            "value": 1.9421825244644424,
            "min": 1.7174124140510685,
            "max": 9.832527273043524,
            "count": 50
        },
        "MoveToGoal.Losses.PolicyLoss.mean": {
            "value": 0.033276357747776535,
            "min": 0.031229847319731822,
            "max": 0.035425445055547504,
            "count": 50
        },
        "MoveToGoal.Losses.PolicyLoss.sum": {
            "value": 0.23293450423443574,
            "min": 0.21860893123812275,
            "max": 0.27984032242238754,
            "count": 50
        },
        "MoveToGoal.Losses.ValueLoss.mean": {
            "value": 0.014374197978343415,
            "min": 0.01373539152336889,
            "max": 0.027822807073659663,
            "count": 50
        },
        "MoveToGoal.Losses.ValueLoss.sum": {
            "value": 0.10061938584840391,
            "min": 0.10061938584840391,
            "max": 0.21373582667729352,
            "count": 50
        },
        "MoveToGoal.Policy.LearningRate.mean": {
            "value": 0.00025546769770124855,
            "min": 0.00025546769770124855,
            "max": 0.0002995043530223586,
            "count": 50
        },
        "MoveToGoal.Policy.LearningRate.sum": {
            "value": 0.00178827388390874,
            "min": 0.00178827388390874,
            "max": 0.00237476922841026,
            "count": 50
        },
        "MoveToGoal.Policy.Epsilon.mean": {
            "value": 0.1851558942857143,
            "min": 0.1851558942857143,
            "max": 0.19983478428571427,
            "count": 50
        },
        "MoveToGoal.Policy.Epsilon.sum": {
            "value": 1.29609126,
            "min": 1.29609126,
            "max": 1.59158974,
            "count": 50
        },
        "MoveToGoal.Policy.Beta.mean": {
            "value": 0.008517073839142858,
            "min": 0.008517073839142858,
            "max": 0.00998349495014286,
            "count": 50
        },
        "MoveToGoal.Policy.Beta.sum": {
            "value": 0.05961951687400001,
            "min": 0.05961951687400001,
            "max": 0.079159815026,
            "count": 50
        },
        "MoveToGoal.Losses.CuriosityForwardLoss.mean": {
            "value": 0.0034130480440321014,
            "min": 0.0032166197631795512,
            "max": 0.016811943398871727,
            "count": 50
        },
        "MoveToGoal.Losses.CuriosityForwardLoss.sum": {
            "value": 0.02389133630822471,
            "min": 0.02389133630822471,
            "max": 0.11768360379210208,
            "count": 50
        },
        "MoveToGoal.Losses.CuriosityInverseLoss.mean": {
            "value": 0.001367446818812417,
            "min": 0.0010986901900328202,
            "max": 0.04139759211388342,
            "count": 50
        },
        "MoveToGoal.Losses.CuriosityInverseLoss.sum": {
            "value": 0.009572127731686919,
            "min": 0.0076908313302297415,
            "max": 0.3254685194187914,
            "count": 50
        },
        "MoveToGoal.IsTraining.mean": {
            "value": 1.0,
            "min": 1.0,
            "max": 1.0,
            "count": 50
        },
        "MoveToGoal.IsTraining.sum": {
            "value": 1.0,
            "min": 1.0,
            "max": 1.0,
            "count": 50
        }
    },
    "metadata": {
        "timer_format_version": "0.1.0",
        "start_time_seconds": "1646940384",
        "python_version": "3.8.8 (default, Apr 13 2021, 15:08:03) [MSC v.1916 64 bit (AMD64)]",
        "command_line_arguments": "C:\\Users\\Ollie\\anaconda3\\Scripts\\mlagents-learn config/moveToGoal4.yaml --run-id=small_city_with_roadblocks6 --initialize-from=small_city_new_1",
        "mlagents_version": "0.28.0",
        "mlagents_envs_version": "0.28.0",
        "communication_protocol_version": "1.5.0",
        "pytorch_version": "1.7.1+cu110",
        "numpy_version": "1.22.2",
        "end_time_seconds": "1646943145"
    },
    "total": 2760.5646609,
    "count": 1,
    "self": 0.005522300000393443,
    "children": {
        "run_training.setup": {
            "total": 0.14109499999999997,
            "count": 1,
            "self": 0.14109499999999997
        },
        "TrainerController.start_learning": {
            "total": 2760.4180435999997,
            "count": 1,
            "self": 2.0660202999897592,
            "children": {
                "TrainerController._reset_env": {
                    "total": 3.2977945,
                    "count": 1,
                    "self": 3.2977945
                },
                "TrainerController.advance": {
                    "total": 2755.00384030001,
                    "count": 126531,
                    "self": 1.8795689000226048,
                    "children": {
                        "env_step": {
                            "total": 1208.9281593000142,
                            "count": 126531,