{"count":1,"self":37.818860799999996,"total":38.252282099999995,"children":{"InitializeActuators":{"count":25,"self":0.0009971,"total":0.0009971,"children":null},"InitializeSensors":{"count":25,"self":0.0019944999999999997,"total":0.0019944999999999997,"children":null},"AgentSendState":{"count":1625,"self":0.29246659999999997,"total":0.33839169999999996,"children":{"CollectObservations":{"count":8125,"self":0.024955699999999997,"total":0.024955699999999997,"children":null},"WriteActionMask":{"count":8125,"self":0.0039885,"total":0.0039885,"children":null},"RequestDecision":{"count":8125,"self":0.0109704,"total":0.0169809,"children":{"RayPerceptionSensor.Perceive":{"count":8125,"self":0.0060104999999999994,"total":0.0060104999999999994,"children":null}}}}},"DecideAction":{"count":1625,"self":0.023946199999999997,"total":0.023946199999999997,"children":null},"AgentAct":{"count":1625,"self":0.067093199999999992,"total":0.067093199999999992,"children":null}},"gauges":{},"metadata":{"timer_format_version":"0.1.0","start_time_seconds":"1652316087","unity_version":"2020.3.23f1","command_line_arguments":"F:\\Unity\\Hub\\Editor\\2020.3.23f1\\Editor\\Unity.exe -projectpath F:\\Unity\\reinforcement_dissertation -useHub -hubIPC -cloudEnvironment production -licensingIpc LicenseClient-Ollie -hubSessionId 705500f0-d184-11ec-a9a2-2373bb62afa8 -accessToken XCfjP6erZEj1PeeVxxMqndWnhj0kPZo-D_Xg4gmaxD4005f","communication_protocol_version":"1.5.0","com.unity.ml-agents_version":"2.3.0-exp.2","scene_name":"Large City","end_time_seconds":"1652316126"}}