{"count":1,"self":459.14624,"total":1810.6200026,"children":{"InitializeActuators":{"count":25,"self":0.0019952999999999998,"total":0.0019952999999999998,"children":null},"InitializeSensors":{"count":25,"self":0.0019952,"total":0.0019952,"children":null},"AgentSendState":{"count":418884,"self":147.54808319999998,"total":216.7518059,"children":{"CollectObservations":{"count":2094425,"self":4.0857063999999994,"total":4.0857065,"children":null},"WriteActionMask":{"count":2094425,"self":1.5551857999999998,"total":1.5551857999999998,"children":null},"RequestDecision":{"count":2094425,"self":5.1895023999999994,"total":63.5628246,"children":{"AgentInfo.ToProto":{"count":2094425,"self":4.8447844,"total":58.373322099999996,"children":{"GenerateSensorData":{"count":2094425,"self":45.012656,"total":53.5285376,"children":{"RayPerceptionSensor.Perceive":{"count":6283275,"self":8.5158816,"total":8.515881199999999,"children":null}}}}}}}}},"DecideAction":{"count":418884,"self":1107.8806528,"total":1107.8806218,"children":null},"AgentAct":{"count":418884,"self":25.225115199999998,"total":25.3552429,"children":{"AgentInfo.ToProto":{"count":2397,"self":0.011960799999999999,"total":0.1301271,"children":{"GenerateSensorData":{"count":2397,"self":0.1061983,"total":0.11816629999999999,"children":{"RayPerceptionSensor.Perceive":{"count":7191,"self":0.011968,"total":0.011968,"children":null}}}}}}},"AgentInfo.ToProto":{"count":31832,"self":0.1825047,"total":1.4810816,"children":{"GenerateSensorData":{"count":31832,"self":1.1480092,"total":1.2985769,"children":{"RayPerceptionSensor.Perceive":{"count":95496,"self":0.1505677,"total":0.1505677,"children":null}}}}}},"gauges":{"MoveToGoal.CumulativeReward":{"count":34229,"max":3.99299955,"min":-2.49402332,"runningAverage":1.46046686,"value":1.74199986,"weightedAverage":1.78480458}},"metadata":{"timer_format_version":"0.1.0","start_time_seconds":"1647720596","unity_version":"2020.3.23f1","command_line_arguments":"F:\\Unity\\Hub\\Editor\\2020.3.23f1\\Editor\\Unity.exe -projectpath F:\\Unity\\reinforcement_dissertation -useHub -hubIPC -cloudEnvironment production -licensingIpc LicenseClient-Ollie -hubSessionId df913b90-a67e-11ec-9bcf-e3a31c5bcd3c -accessToken 8LSJ06eJnWKKWcahN1oFQ3dBRRi4t3H-CUamFIPXkNw005f","communication_protocol_version":"1.5.0","com.unity.ml-agents_version":"2.2.1-exp.1","scene_name":"Small City","end_time_seconds":"1647722407"}}