{
    "name": "root",
    "gauges": {
        "MoveToGoal.Policy.Entropy.mean": {
            "value": 0.11164379119873047,
            "min": 0.10879078507423401,
            "max": 1.5308643579483032,
            "count": 245
        },
        "MoveToGoal.Policy.Entropy.sum": {
            "value": 3352.88623046875,
            "min": 3260.2421875,
            "max": 47616.00390625,
            "count": 245
        },
        "MoveToGoal.Environment.EpisodeLength.mean": {
            "value": 43.81913303437967,
            "min": 41.90128755364807,
            "max": 115.92913385826772,
            "count": 245
        },
        "MoveToGoal.Environment.EpisodeLength.sum": {
            "value": 29315.0,
            "min": 29065.0,
            "max": 30166.0,
            "count": 245
        },
        "MoveToGoal.Step.mean": {
            "value": 7349971.0,
            "min": 29955.0,
            "max": 7349971.0,
            "count": 245
        },
        "MoveToGoal.Step.sum": {
            "value": 7349971.0,
            "min": 29955.0,
            "max": 7349971.0,
            "count": 245
        },
        "MoveToGoal.Policy.ExtrinsicValueEstimate.mean": {
            "value": 1.5044139623641968,
            "min": -0.3324025571346283,
            "max": 4.017211437225342,
            "count": 245
        },
        "MoveToGoal.Policy.ExtrinsicValueEstimate.sum": {
            "value": 1009.4617309570312,
            "min": -157.55880737304688,
            "max": 2406.3095703125,
            "count": 245
        },
        "MoveToGoal.Policy.CuriosityValueEstimate.mean": {
            "value": 1.203108549118042,
            "min": -2.9079606533050537,
            "max": 3.7512636184692383,
            "count": 245
        },
        "MoveToGoal.Policy.CuriosityValueEstimate.sum": {
            "value": 807.2858276367188,
            "min": -1741.868408203125,
            "max": 1410.47509765625,
            "count": 245
        },
        "MoveToGoal.Environment.CumulativeReward.mean": {
            "value": 1.7418370723546175,
            "min": -1.1512964448556597,
            "max": 1.7632790717967721,
            "count": 245
        },
        "MoveToGoal.Environment.CumulativeReward.sum": {
            "value": 1165.289001405239,
            "min": -582.5560010969639,
            "max": 1171.26500082016,
            "count": 245
        },
        "MoveToGoal.Policy.ExtrinsicReward.mean": {
            "value": 1.7418370723546175,
            "min": -1.1512964448556597,
            "max": 1.7632790717967721,
            "count": 245
        },
        "MoveToGoal.Policy.ExtrinsicReward.sum": {
            "value": 1165.289001405239,
            "min": -582.5560010969639,
            "max": 1171.26500082016,
            "count": 245
        },
        "MoveToGoal.Policy.CuriosityReward.mean": {
            "value": 0.0010213736389331751,
            "min": 0.0006890658221829701,
            "max": 6.226940397924114,
            "count": 245
        },
        "MoveToGoal.Policy.CuriosityReward.sum": {
            "value": 0.6832989644462941,
            "min": 0.4664975616178708,
            "max": 3150.8318413496017,
            "count": 245
        },
        "MoveToGoal.Losses.PolicyLoss.mean": {
            "value": 0.031962607716195635,
            "min": 0.029240098863998094,
            "max": 0.036393165897607105,
            "count": 245
        },
        "MoveToGoal.Losses.PolicyLoss.sum": {
            "value": 0.2557008617295651,
            "min": 0.20468069204798667,
            "max": 0.2838311562372837,
            "count": 245
        },
        "MoveToGoal.Losses.ValueLoss.mean": {
            "value": 0.01263847641484972,
            "min": 0.005388894403495215,
            "max": 1.5842667749384418,
            "count": 245
        },
        "MoveToGoal.Losses.ValueLoss.sum": {
            "value": 0.10110781131879776,
            "min": 0.03905878580917488,
            "max": 11.089867424569093,
            "count": 245
        },
        "MoveToGoal.Policy.LearningRate.mean": {
            "value": 7.996126334626999e-05,
            "min": 7.996126334626999e-05,
            "max": 0.0002995004573093714,
            "count": 245
        },
        "MoveToGoal.Policy.LearningRate.sum": {
            "value": 0.0006396901067701599,
            "min": 0.0005662262112581,
            "max": 0.0023676889607703497,
            "count": 245
        },
        "MoveToGoal.Policy.Epsilon.mean": {
            "value": 0.12665373000000002,
            "min": 0.12665373000000002,
            "max": 0.1998334857142857,
            "count": 245
        },
        "MoveToGoal.Policy.Epsilon.sum": {
            "value": 1.0132298400000002,
            "min": 0.8887419000000001,
            "max": 1.58922965,
            "count": 245
        },
        "MoveToGoal.Policy.Beta.mean": {
            "value": 0.0026727076270000004,
            "min": 0.0026727076270000004,
            "max": 0.009983365222857143,
            "count": 245
        },
        "MoveToGoal.Policy.Beta.sum": {
            "value": 0.021381661016000003,
            "min": 0.018925315810000003,
            "max": 0.078924042035,
            "count": 245
        },
        "MoveToGoal.Losses.CuriosityForwardLoss.mean": {
            "value": 0.0011551188158591685,
            "min": 0.0007375389799822837,
            "max": 147.2035788813872,
            "count": 245
        },
        "MoveToGoal.Losses.CuriosityForwardLoss.sum": {
            "value": 0.009240950526873348,
            "min": 0.005162772859875986,
            "max": 1030.4250521697104,
            "count": 245
        },
        "MoveToGoal.Losses.CuriosityInverseLoss.mean": {
            "value": 0.0006382261061384786,
            "min": 9.004803811661435e-05,
            "max": 0.93126260196524,
            "count": 245
        },
        "MoveToGoal.Losses.CuriosityInverseLoss.sum": {
            "value": 0.005105808849107829,
            "min": 0.0006303362668163004,
            "max": 6.5188382137566805,
            "count": 245
        },
        "MoveToGoal.IsTraining.mean": {
            "value": 1.0,
            "min": 1.0,
            "max": 1.0,
            "count": 245
        },
        "MoveToGoal.IsTraining.sum": {
            "value": 1.0,
            "min": 1.0,
            "max": 1.0,
            "count": 245
        }
    },
    "metadata": {
        "timer_format_version": "0.1.0",
        "start_time_seconds": "1646674316",
        "python_version": "3.8.8 (default, Apr 13 2021, 15:08:03) [MSC v.1916 64 bit (AMD64)]",
        "command_line_arguments": "C:\\Users\\Ollie\\anaconda3\\Scripts\\mlagents-learn config/moveToGoal4.yaml --run-id=small_city_only_rnd_goal_pos_new_agent2_new_config3",
        "mlagents_version": "0.28.0",
        "mlagents_envs_version": "0.28.0",
        "communication_protocol_version": "1.5.0",
        "pytorch_version": "1.7.1+cu110",
        "numpy_version": "1.22.2",
        "end_time_seconds": "1646701735"
    },
    "total": 27419.6749975,
    "count": 1,
    "self": 10.007547699999122,
    "children": {
        "run_training.setup": {
            "total": 0.14537829999999996,
            "count": 1,
            "self": 0.14537829999999996
        },
        "TrainerController.start_learning": {
            "total": 27409.5220715,
            "count": 1,
            "self": 9.652813900138426,
            "children": {
                "TrainerController._reset_env": {
                    "total": 3.7792923,
                    "count": 1,
                    "self": 3.7792923
                },
                "TrainerController.advance": {
                    "total": 27395.77645979986,
                    "count": 576367,
                    "self": 8.773564099923533,
                    "children": {
                        "env_step": {
                            "total": 19517.3252666001,
                            "count": 576367,